run_id	disease_group	feature_set	n_repeats	base_seed	seeds	mean_auc	sd_auc	sem_auc	t_critical_0975	auc_ci95_low	auc_ci95_high	min_auc	max_auc
PsA_pathway_only_all_features	PsA	pathway_only	100	42	42,43,44,45,46,47,48,49,50,51,52,53,54,55,56,57,58,59,60,61,62,63,64,65,66,67,68,69,70,71,72,73,74,75,76,77,78,79,80,81,82,83,84,85,86,87,88,89,90,91,92,93,94,95,96,97,98,99,100,101,102,103,104,105,106,107,108,109,110,111,112,113,114,115,116,117,118,119,120,121,122,123,124,125,126,127,128,129,130,131,132,133,134,135,136,137,138,139,140,141	0.7002941176470588	0.0240392553297823	0.0024039255329782	1.9842169515086827	0.6955242078543589	0.7050640274397588	0.6470588235294118	0.7601809954751132
