run_id	disease_group	feature_set	run_name	n_samples	n_features_input_to_run	n_inefficiency_positive	n_remission_negative	n_repeats	base_seed	mean_auc	sd_auc	sem_auc	auc_ci95_low	auc_ci95_high	min_auc	max_auc	observed_auc	n_permutations_completed	n_null_auc_ge_observed	p_value	runtime_sec	prescreen	boruta_available	threshold	accuracy	balanced_accuracy	sensitivity_recall_inefficiency	specificity_remission	precision_ppv_inefficiency	npv_remission	tn	fp	fn	tp
RA_pathway_only_all_features	RA	pathway_only	all_features	29	569	10	19	100	42	0.3959473684210527	0.0506987190252704	0.005069871902527	0.3858876426500809	0.4060070941920244	0.2842105263157894	0.536842105263158	0.4210526315789474	1000	516	0.5164835164835165	178175.38779973984	rf_fallback	False	0.5	0.5862068965517241	0.4473684210526316	0.0	0.8947368421052632	0.0	0.6296296296296297	17	2	10	0
RA_species_diversity_all_features	RA	species_diversity	all_features	29	1290	10	19	100	42	0.678078947368421	0.0344784726252251	0.0034478472625225	0.671237670383911	0.684920224352931	0.6000000000000001	0.7842105263157895	0.6578947368421053	1000	71	0.0719280719280719	115436.41831612587	rf_fallback	False	0.5	0.6206896551724138	0.5210526315789473	0.2	0.8421052631578947	0.4	0.6666666666666666	16	3	8	2
PsA_pathway_only_all_features	PsA	pathway_only	all_features	30	552	13	17	100	42	0.7002941176470588	0.0240392553297823	0.0024039255329782	0.6955242078543589	0.7050640274397588	0.6470588235294118	0.7601809954751132	0.7104072398190046	1000	38	0.0389610389610389	95335.46666002272	rf_fallback	False	0.5	0.6666666666666666	0.6425339366515836	0.4615384615384615	0.8235294117647058	0.6666666666666666	0.6666666666666666	14	3	7	6
PsA_species_diversity_all_features	PsA	species_diversity	all_features	30	1237	13	17	100	42	0.5034615384615385	0.0360336829888165	0.0036033682988816	0.4963116740003685	0.5106114029227085	0.4343891402714932	0.6244343891402715	0.5067873303167421	1000	318	0.3186813186813186	94341.72665643692	rf_fallback	False	0.5	0.5666666666666667	0.5452488687782806	0.3846153846153846	0.7058823529411765	0.5	0.6	12	5	8	5
