run_id	disease_group	feature_set	n_repeats	base_seed	seeds	mean_auc	sd_auc	sem_auc	t_critical_0975	auc_ci95_low	auc_ci95_high	min_auc	max_auc
RA_pathway_only_all_features	RA	pathway_only	100	42	42,43,44,45,46,47,48,49,50,51,52,53,54,55,56,57,58,59,60,61,62,63,64,65,66,67,68,69,70,71,72,73,74,75,76,77,78,79,80,81,82,83,84,85,86,87,88,89,90,91,92,93,94,95,96,97,98,99,100,101,102,103,104,105,106,107,108,109,110,111,112,113,114,115,116,117,118,119,120,121,122,123,124,125,126,127,128,129,130,131,132,133,134,135,136,137,138,139,140,141	0.3959473684210527	0.0506987190252704	0.005069871902527	1.9842169515086827	0.3858876426500809	0.4060070941920244	0.2842105263157894	0.536842105263158
RA_species_diversity_all_features	RA	species_diversity	100	42	42,43,44,45,46,47,48,49,50,51,52,53,54,55,56,57,58,59,60,61,62,63,64,65,66,67,68,69,70,71,72,73,74,75,76,77,78,79,80,81,82,83,84,85,86,87,88,89,90,91,92,93,94,95,96,97,98,99,100,101,102,103,104,105,106,107,108,109,110,111,112,113,114,115,116,117,118,119,120,121,122,123,124,125,126,127,128,129,130,131,132,133,134,135,136,137,138,139,140,141	0.678078947368421	0.0344784726252251	0.0034478472625225	1.9842169515086827	0.671237670383911	0.684920224352931	0.6000000000000001	0.7842105263157895
PsA_pathway_only_all_features	PsA	pathway_only	100	42	42,43,44,45,46,47,48,49,50,51,52,53,54,55,56,57,58,59,60,61,62,63,64,65,66,67,68,69,70,71,72,73,74,75,76,77,78,79,80,81,82,83,84,85,86,87,88,89,90,91,92,93,94,95,96,97,98,99,100,101,102,103,104,105,106,107,108,109,110,111,112,113,114,115,116,117,118,119,120,121,122,123,124,125,126,127,128,129,130,131,132,133,134,135,136,137,138,139,140,141	0.7002941176470588	0.0240392553297823	0.0024039255329782	1.9842169515086827	0.6955242078543589	0.7050640274397588	0.6470588235294118	0.7601809954751132
PsA_species_diversity_all_features	PsA	species_diversity	100	42	42,43,44,45,46,47,48,49,50,51,52,53,54,55,56,57,58,59,60,61,62,63,64,65,66,67,68,69,70,71,72,73,74,75,76,77,78,79,80,81,82,83,84,85,86,87,88,89,90,91,92,93,94,95,96,97,98,99,100,101,102,103,104,105,106,107,108,109,110,111,112,113,114,115,116,117,118,119,120,121,122,123,124,125,126,127,128,129,130,131,132,133,134,135,136,137,138,139,140,141	0.5034615384615385	0.0360336829888165	0.0036033682988816	1.9842169515086827	0.4963116740003685	0.5106114029227085	0.4343891402714932	0.6244343891402715
